BEGIN;

INSERT INTO public.files (file_id, file_kind, file_name, object_key, content_type, is_deleted, created_at)
VALUES
  (
    '11111111-1111-1111-1111-111111111111',
    'store_thumbnail',
    'morning_brew_cafe.jpg',
    'https://images.unsplash.com/photo-1509042239860-f550ce710b93?auto=format&fit=crop&w=600&q=80',
    'image/jpeg',
    FALSE,
    NOW()
  ),
  (
    '22222222-2222-2222-2222-222222222222',
    'store_thumbnail',
    'sunset_sushi_kappo.jpg',
    'https://images.unsplash.com/photo-1553621042-f6e147245754?auto=format&fit=crop&w=600&q=80',
    'image/jpeg',
    FALSE,
    NOW()
  ),
  (
    '33333333-3333-3333-3333-333333333334',
    'store_thumbnail',
    'harbor_deli.jpg',
    'https://images.unsplash.com/photo-1504754524776-8f4f37790ca0?auto=format&fit=crop&w=600&q=80',
    'image/jpeg',
    FALSE,
    NOW()
  );

INSERT INTO public.stores (
  store_id,
  thumbnail_file_id,
  name,
  opened_at,
  description,
  address,
  place_id,
  opening_hours,
  latitude,
  longitude,
  google_map_url,
  is_approved,
  created_at,
  updated_at
)
VALUES
  (
    'aaaaaaaa-aaaa-aaaa-aaaa-aaaaaaaaaaaa',
    '11111111-1111-1111-1111-111111111111',
    'モーニング ブリュー カフェ',
    DATE '2024-10-12',
    '一杯ずつハンドドリップで淹れるコーヒーと、静かな時間を楽しめる朝カフェ。',
    '東京都内（モックデータ）',
    'ChIJRUjlH92OAGAR6otTD3tUcrg',
    NULL,
    35.681236,
    139.767125,
    'https://maps.google.com/?q=35.681236,139.767125',
    TRUE,
    NOW(),
    NOW()
  ),
  (
    'bbbbbbbb-bbbb-bbbb-bbbb-bbbbbbbbbbbb',
    '22222222-2222-2222-2222-222222222222',
    '夕焼け寿司割烹',
    DATE '2020-08-14',
    '旬の魚を使ったおまかせコースが人気のカウンター寿司。',
    '大阪府内（モックデータ）',
    'ChIJRUjlH92OAGAR6otTD3tUcrg',
    NULL,
    34.693738,
    135.502165,
    'https://maps.google.com/?q=34.693738,135.502165',
    TRUE,
    NOW(),
    NOW()
  ),
  (
    'cccccccc-cccc-cccc-cccc-cccccccccccc',
    '33333333-3333-3333-3333-333333333334',
    '港町デリプレート',
    DATE '2022-04-18',
    '港町の新鮮食材を使ったプレートランチが人気。',
    '神戸市内（モックデータ）',
    'ChIJK9A6w7oFAGAR_lZ6s2zq2ZQ',
    NULL,
    34.690083,
    135.195511,
    'https://maps.google.com/?q=34.690083,135.195511',
    TRUE,
    NOW(),
    NOW()
  );

INSERT INTO public.menus (menu_id, store_id, name, price, description, created_at)
VALUES
  (
    '11111111-1111-1111-1111-111111111113',
    'aaaaaaaa-aaaa-aaaa-aaaa-aaaaaaaaaaaa',
    'ハンドドリップ コーヒー',
    600,
    '香り高いスペシャルティコーヒー。',
    NOW()
  ),
  (
    '11111111-1111-1111-1111-111111111114',
    'aaaaaaaa-aaaa-aaaa-aaaa-aaaaaaaaaaaa',
    'カフェラテ',
    720,
    'ミルクの甘みとバランスの良いエスプレッソ。',
    NOW()
  ),

  (
    '11111111-1111-1111-1111-111111111115',
    'aaaaaaaa-aaaa-aaaa-aaaa-aaaaaaaaaaaa',
    'シナモンロール',
    520,
    '朝の定番に合う焼きたてスイーツ。',
    NOW()
  ),
  (
    '22222222-2222-2222-2222-222222222223',
    'bbbbbbbb-bbbb-bbbb-bbbb-bbbbbbbbbbbb',
    'おまかせコース',
    9800,
    '旬の握りと季節の一品が楽しめるコース。',
    NOW()
  ),
  (
    '22222222-2222-2222-2222-222222222224',
    'bbbbbbbb-bbbb-bbbb-bbbb-bbbbbbbbbbbb',
    '白身三昧',
    4200,
    '淡白で上品な白身の食べ比べ。',
    NOW()
  ),
  (
    '22222222-2222-2222-2222-222222222225',
    'bbbbbbbb-bbbb-bbbb-bbbb-bbbbbbbbbbbb',
    '穴子一本握り',
    2600,
    'ふっくら煮上げた穴子を一本で。',
    NOW()
  ),
  (
    '33333333-3333-3333-3333-333333333336',
    'cccccccc-cccc-cccc-cccc-cccccccccccc',
    '港町シーフードプレート',
    1680,
    '海の幸を贅沢に盛り合わせた看板プレート。',
    NOW()
  ),
  (
    '33333333-3333-3333-3333-333333333337',
    'cccccccc-cccc-cccc-cccc-cccccccccccc',
    'スパイスチキンライス',
    1280,
    '香り高いスパイスで仕上げた日替わりメニュー。',
    NOW()
  );

INSERT INTO public.users (user_id, name, gender, birthday, email, icon_url, icon_file_id, provider, role, created_at, updated_at)
VALUES
  (
    '99999999-9999-9999-9999-999999999999',
    'シードユーザー',
    NULL,
    NULL,
    'seed@example.com',
    NULL,
    NULL,
    'seed',
    'user',
    NOW(),
    NOW()
  ),
  (
    '88888888-8888-8888-8888-888888888888',
    'カフェ好きのユーザー',
    NULL,
    NULL,
    'cafe@example.com',
    NULL,
    NULL,
    'seed',
    'user',
    NOW(),
    NOW()
  ),
  (
    '77777777-7777-7777-7777-777777777777',
    'グルメ探検隊',
    NULL,
    NULL,
    'gourmet@example.com',
    NULL,
    NULL,
    'seed',
    'user',
    NOW(),
    NOW()
  ),
  (
    '66666666-6666-6666-6666-666666666666',
    '週末レビュアー',
    NULL,
    NULL,
    'weekend@example.com',
    NULL,
    NULL,
    'seed',
    'user',
    NOW(),
    NOW()
  );

INSERT INTO public.reviews (
  review_id,
  store_id,
  user_id,
  rating,
  content,
  created_at,
  updated_at
)
VALUES
  (
    '33333333-3333-3333-3333-333333333333',
    'aaaaaaaa-aaaa-aaaa-aaaa-aaaaaaaaaaaa',
    '99999999-9999-9999-9999-999999999999',
    5,
    '朝の時間にぴったりの一杯。コーヒーとシナモンロールの相性が最高でした。',
    NOW(),
    NOW()
  ),
  (
    '44444444-4444-4444-4444-444444444441',
    'aaaaaaaa-aaaa-aaaa-aaaa-aaaaaaaaaaaa',
    '88888888-8888-8888-8888-888888888888',
    4,
    '開店直後は落ち着いていて集中できます。',
    NOW(),
    NOW()
  ),
  (
    '44444444-4444-4444-4444-444444444442',
    'aaaaaaaa-aaaa-aaaa-aaaa-aaaaaaaaaaaa',
    '77777777-7777-7777-7777-777777777777',
    5,
    'ラテが絶品。スタッフの気配りも素晴らしい。',
    NOW(),
    NOW()
  ),
  (
    '44444444-4444-4444-4444-444444444443',
    'aaaaaaaa-aaaa-aaaa-aaaa-aaaaaaaaaaaa',
    '66666666-6666-6666-6666-666666666666',
    3,
    '席数が少なめなので早めの来店がおすすめ。',
    NOW(),
    NOW()
  ),
  (
    '44444444-4444-4444-4444-444444444444',
    'aaaaaaaa-aaaa-aaaa-aaaa-aaaaaaaaaaaa',
    '99999999-9999-9999-9999-999999999999',
    4,
    '朝食メニューが増えていて嬉しい。',
    NOW(),
    NOW()
  ),
  (
    '44444444-4444-4444-4444-444444444445',
    'aaaaaaaa-aaaa-aaaa-aaaa-aaaaaaaaaaaa',
    '77777777-7777-7777-7777-777777777777',
    5,
    '豆の説明をしてくれて選ぶ時間も楽しい。',
    NOW(),
    NOW()
  ),
  (
    '44444444-4444-4444-4444-444444444446',
    'aaaaaaaa-aaaa-aaaa-aaaa-aaaaaaaaaaaa',
    '88888888-8888-8888-8888-888888888888',
    4,
    'テイクアウトもスムーズで便利でした。目安箱: 受け取り待ちの椅子があると助かります。',
    NOW(),
    NOW()
  ),
  (
    '55555555-5555-5555-5555-555555555551',
    'bbbbbbbb-bbbb-bbbb-bbbb-bbbbbbbbbbbb',
    '77777777-7777-7777-7777-777777777777',
    5,
    '一貫ずつ丁寧で、特に白身が美味しかった。',
    NOW(),
    NOW()
  ),
  (
    '55555555-5555-5555-5555-555555555552',
    'bbbbbbbb-bbbb-bbbb-bbbb-bbbbbbbbbbbb',
    '66666666-6666-6666-6666-666666666666',
    4,
    'コースのボリュームがちょうど良い。',
    NOW(),
    NOW()
  ),
  (
    '66666666-6666-6666-6666-666666666661',
    'cccccccc-cccc-cccc-cccc-cccccccccccc',
    '88888888-8888-8888-8888-888888888888',
    5,
    'プレートの盛り付けがきれいで写真映えします。',
    NOW(),
    NOW()
  ),
  (
    '66666666-6666-6666-6666-666666666662',
    'cccccccc-cccc-cccc-cccc-cccccccccccc',
    '99999999-9999-9999-9999-999999999999',
    3,
    '混雑していたけど味は満足。',
    NOW(),
    NOW()
  ),
  (
    '66666666-6666-6666-6666-666666666663',
    'cccccccc-cccc-cccc-cccc-cccccccccccc',
    '66666666-6666-6666-6666-666666666666',
    4,
    'スパイスチキンが柔らかくて食べやすい。',
    NOW(),
    NOW()
  ),
  (
    '66666666-6666-6666-6666-666666666664',
    'cccccccc-cccc-cccc-cccc-cccccccccccc',
    '77777777-7777-7777-7777-777777777777',
    4,
    'テラス席が気持ちいいので晴れの日におすすめ。',
    NOW(),
    NOW()
  ),
  (
    '44444444-4444-4444-4444-444444444447',
    'aaaaaaaa-aaaa-aaaa-aaaa-aaaaaaaaaaaa',
    '88888888-8888-8888-8888-888888888888',
    4,
    '朝の光が入り、読書にぴったり。',
    NOW(),
    NOW()
  ),
  (
    '44444444-4444-4444-4444-444444444448',
    'aaaaaaaa-aaaa-aaaa-aaaa-aaaaaaaaaaaa',
    '77777777-7777-7777-7777-777777777777',
    5,
    '焼き菓子が香ばしく、コーヒーと相性抜群。',
    NOW(),
    NOW()
  ),
  (
    '44444444-4444-4444-4444-444444444449',
    'aaaaaaaa-aaaa-aaaa-aaaa-aaaaaaaaaaaa',
    '66666666-6666-6666-6666-666666666666',
    3,
    'Wi-Fiが少し不安定。目安箱: 電源席を増やしてほしい。',
    NOW(),
    NOW()
  ),
  (
    '44444444-4444-4444-4444-444444444450',
    'aaaaaaaa-aaaa-aaaa-aaaa-aaaaaaaaaaaa',
    '99999999-9999-9999-9999-999999999999',
    4,
    '静かで作業しやすい。',
    NOW(),
    NOW()
  ),
  (
    '44444444-4444-4444-4444-444444444451',
    'aaaaaaaa-aaaa-aaaa-aaaa-aaaaaaaaaaaa',
    '88888888-8888-8888-8888-888888888888',
    5,
    '豆の種類が豊富で選ぶのが楽しい。',
    NOW(),
    NOW()
  ),
  (
    '44444444-4444-4444-4444-444444444452',
    'aaaaaaaa-aaaa-aaaa-aaaa-aaaaaaaaaaaa',
    '77777777-7777-7777-7777-777777777777',
    4,
    '季節ラテの香りが良かった。',
    NOW(),
    NOW()
  ),
  (
    '44444444-4444-4444-4444-444444444453',
    'aaaaaaaa-aaaa-aaaa-aaaa-aaaaaaaaaaaa',
    '66666666-6666-6666-6666-666666666666',
    2,
    '週末は混雑し待ち時間が長め。',
    NOW(),
    NOW()
  ),
  (
    '44444444-4444-4444-4444-444444444454',
    'aaaaaaaa-aaaa-aaaa-aaaa-aaaaaaaaaaaa',
    '99999999-9999-9999-9999-999999999999',
    4,
    '接客が丁寧で安心。',
    NOW(),
    NOW()
  ),
  (
    '44444444-4444-4444-4444-444444444455',
    'aaaaaaaa-aaaa-aaaa-aaaa-aaaaaaaaaaaa',
    '88888888-8888-8888-8888-888888888888',
    5,
    'モーニングセットがお得。',
    NOW(),
    NOW()
  ),
  (
    '44444444-4444-4444-4444-444444444456',
    'aaaaaaaa-aaaa-aaaa-aaaa-aaaaaaaaaaaa',
    '77777777-7777-7777-7777-777777777777',
    4,
    'テイクアウトの包装が丁寧。',
    NOW(),
    NOW()
  ),
  (
    '44444444-4444-4444-4444-444444444457',
    'aaaaaaaa-aaaa-aaaa-aaaa-aaaaaaaaaaaa',
    '66666666-6666-6666-6666-666666666666',
    3,
    '席間隔がやや狭い。',
    NOW(),
    NOW()
  ),
  (
    '44444444-4444-4444-4444-444444444458',
    'aaaaaaaa-aaaa-aaaa-aaaa-aaaaaaaaaaaa',
    '99999999-9999-9999-9999-999999999999',
    5,
    '朝のBGMが心地よい。',
    NOW(),
    NOW()
  ),
  (
    '44444444-4444-4444-4444-444444444459',
    'aaaaaaaa-aaaa-aaaa-aaaa-aaaaaaaaaaaa',
    '88888888-8888-8888-8888-888888888888',
    4,
    'スコーンがしっとりしていて美味しい。',
    NOW(),
    NOW()
  ),
  (
    '44444444-4444-4444-4444-444444444460',
    'aaaaaaaa-aaaa-aaaa-aaaa-aaaaaaaaaaaa',
    '77777777-7777-7777-7777-777777777777',
    5,
    'バリスタの説明が分かりやすい。',
    NOW(),
    NOW()
  ),
  (
    '44444444-4444-4444-4444-444444444461',
    'aaaaaaaa-aaaa-aaaa-aaaa-aaaaaaaaaaaa',
    '66666666-6666-6666-6666-666666666666',
    3,
    '目安箱: レジ周りの導線を改善してほしい。',
    NOW(),
    NOW()
  ),
  (
    '55555555-5555-5555-5555-555555555553',
    'bbbbbbbb-bbbb-bbbb-bbbb-bbbbbbbbbbbb',
    '88888888-8888-8888-8888-888888888888',
    5,
    'おまかせコースの温度感が完璧。',
    NOW(),
    NOW()
  ),
  (
    '55555555-5555-5555-5555-555555555554',
    'bbbbbbbb-bbbb-bbbb-bbbb-bbbbbbbbbbbb',
    '99999999-9999-9999-9999-999999999999',
    4,
    '目安箱: 予約枠をもう少し広げてほしい。',
    NOW(),
    NOW()
  ),
  (
    '55555555-5555-5555-5555-555555555555',
    'bbbbbbbb-bbbb-bbbb-bbbb-bbbbbbbbbbbb',
    '77777777-7777-7777-7777-777777777777',
    5,
    '赤酢のシャリが香り高い。',
    NOW(),
    NOW()
  ),
  (
    '55555555-5555-5555-5555-555555555556',
    'bbbbbbbb-bbbb-bbbb-bbbb-bbbbbbbbbbbb',
    '66666666-6666-6666-6666-666666666666',
    4,
    '静かな雰囲気で落ち着ける。',
    NOW(),
    NOW()
  ),
  (
    '55555555-5555-5555-5555-555555555557',
    'bbbbbbbb-bbbb-bbbb-bbbb-bbbbbbbbbbbb',
    '88888888-8888-8888-8888-888888888888',
    3,
    '価格は高めだが品質は良い。',
    NOW(),
    NOW()
  ),
  (
    '66666666-6666-6666-6666-666666666665',
    'cccccccc-cccc-cccc-cccc-cccccccccccc',
    '77777777-7777-7777-7777-777777777777',
    4,
    '港町らしいメニューが楽しめる。',
    NOW(),
    NOW()
  ),
  (
    '66666666-6666-6666-6666-666666666666',
    'cccccccc-cccc-cccc-cccc-cccccccccccc',
    '66666666-6666-6666-6666-666666666666',
    5,
    '魚介が新鮮で香りが良い。',
    NOW(),
    NOW()
  ),
  (
    '66666666-6666-6666-6666-666666666667',
    'cccccccc-cccc-cccc-cccc-cccccccccccc',
    '99999999-9999-9999-9999-999999999999',
    3,
    '目安箱: ランチ列の案内を分かりやすくしてほしい。',
    NOW(),
    NOW()
  ),
  (
    '66666666-6666-6666-6666-666666666668',
    'cccccccc-cccc-cccc-cccc-cccccccccccc',
    '88888888-8888-8888-8888-888888888888',
    4,
    'ドリンクのバリエーションが豊富。',
    NOW(),
    NOW()
  ),
  (
    '66666666-6666-6666-6666-666666666669',
    'cccccccc-cccc-cccc-cccc-cccccccccccc',
    '77777777-7777-7777-7777-777777777777',
    4,
    'テラス席の風が気持ちいい。',
    NOW(),
    NOW()
  ),
  (
    '66666666-6666-6666-6666-666666666670',
    'cccccccc-cccc-cccc-cccc-cccccccccccc',
    '66666666-6666-6666-6666-666666666666',
    2,
    '混雑時は提供が遅め。',
    NOW(),
    NOW()
  ),
  (
    '66666666-6666-6666-6666-666666666671',
    'cccccccc-cccc-cccc-cccc-cccccccccccc',
    '99999999-9999-9999-9999-999999999999',
    5,
    'サラダが新鮮でシャキシャキ。',
    NOW(),
    NOW()
  ),
  (
    '66666666-6666-6666-6666-666666666672',
    'cccccccc-cccc-cccc-cccc-cccccccccccc',
    '88888888-8888-8888-8888-888888888888',
    4,
    'スパイスの香りが食欲をそそる。',
    NOW(),
    NOW()
  ),
  (
    '66666666-6666-6666-6666-666666666673',
    'cccccccc-cccc-cccc-cccc-cccccccccccc',
    '77777777-7777-7777-7777-777777777777',
    3,
    '子連れでも利用しやすい。',
    NOW(),
    NOW()
  ),
  (
    '66666666-6666-6666-6666-666666666674',
    'cccccccc-cccc-cccc-cccc-cccccccccccc',
    '66666666-6666-6666-6666-666666666666',
    4,
    '夜の雰囲気が落ち着いていて良い。',
    NOW(),
    NOW()
  );

INSERT INTO public.review_menus (review_id, menu_id, created_at)
VALUES
  (
    '33333333-3333-3333-3333-333333333333',
    '11111111-1111-1111-1111-111111111113',
    NOW()
  ),
  (
    '33333333-3333-3333-3333-333333333333',
    '11111111-1111-1111-1111-111111111115',
    NOW()
  ),
  (
    '44444444-4444-4444-4444-444444444441',
    '11111111-1111-1111-1111-111111111114',
    NOW()
  ),
  (
    '44444444-4444-4444-4444-444444444442',
    '11111111-1111-1111-1111-111111111113',
    NOW()
  ),
  (
    '55555555-5555-5555-5555-555555555551',
    '22222222-2222-2222-2222-222222222223',
    NOW()
  ),
  (
    '66666666-6666-6666-6666-666666666661',
    '33333333-3333-3333-3333-333333333336',
    NOW()
  );

COMMIT;
